-3.262008755394811033e+01,-2.997273718604185433e+01,-2.732538681813582571e+01,-2.467803645022951287e+01,-2.203068608232339898e+01,-1.938333571441722469e+01,-1.673598534651108594e+01,-1.442328387006929802e+01,-1.240620510538505528e+01,-1.110521745806033778e+01,-1.009639556492685131e+01,-9.289469241928536292e+00,-8.380235278571035451e+00,-7.446450598873955329e+00,-6.511252192805484285e+00,-5.863504574928832369e+00,-5.152416983157323216e+00,-4.397232675239187927e+00,-3.827856936249578013e+00,-3.229710307624097609e+00,-2.607601005275302253e+00,-2.036168983271265276e+00,-1.449515480629696373e+00,-8.488909463234968200e-01,-2.829636487745021967e-01,2.829636487744964235e-01,8.488909463234985964e-01,1.449515480629694153e+00,2.036168983271258170e+00,2.607601005275299144e+00,3.229710307624085175e+00,3.827856936249574460e+00,4.397232675239202138e+00,5.152416983157309005e+00,5.863504574928814606e+00,6.511252192805471850e+00,7.446450598873951776e+00,8.380235278571070978e+00,9.289469241928514975e+00,1.009639556492686552e+01,1.110521745806034488e+01,1.240620510538502685e+01,1.442328387006926960e+01,1.673598534651108594e+01,1.938333571441722825e+01,2.203068608232348424e+01,2.467803645022956971e+01,2.732538681813571202e+01,2.997273718604185433e+01,3.262008755394799664e+01
-3.261985878009238604e+01,-2.996407761908204748e+01,-2.730829645807148154e+01,-2.465251529706085876e+01,-2.199673413605027861e+01,-1.934095297503976951e+01,-1.668517181402918936e+01,-1.437142953002555146e+01,-1.235672468489898179e+01,-1.104242905816980169e+01,-1.001212068200636907e+01,-9.180402970579429223e+00,-8.278777055078435865e+00,-7.358484062765835887e+00,-6.440395860304803932e+00,-5.794879693764464434e+00,-5.092096902113468104e+00,-4.349831433674174797e+00,-3.784607859344770731e+00,-3.192582801880073262e+00,-2.578258782040132591e+00,-2.012074795926908521e+00,-1.432445824591232597e+00,-8.404845449924973622e-01,-2.801615149975025254e-01,2.801615149974967522e-01,8.404845449924991385e-01,1.432445824591233929e+00,2.012074795926904969e+00,2.578258782040123265e+00,3.192582801880064380e+00,3.784607859344772507e+00,4.349831433674175685e+00,5.092096902113475210e+00,5.794879693764475093e+00,6.440395860304789721e+00,7.358484062765832334e+00,8.278777055078432312e+00,9.180402970579407906e+00,1.001212068200639749e+01,1.104242905816980880e+01,1.235672468489894982e+01,1.437142953002552304e+01,1.668517181402921778e+01,1.934095297503978372e+01,2.199673413605029282e+01,2.465251529706085876e+01,2.730829645807148154e+01,2.996407761908187695e+01,3.261985878009249973e+01
-3.261963000623677544e+01,-2.995541805212178588e+01,-2.729120609800691000e+01,-2.462699414389200570e+01,-2.196278218977708718e+01,-1.929857023566219709e+01,-1.663435828154732121e+01,-1.431957518998185463e+01,-1.230724426441299357e+01,-1.097964065827923719e+01,-9.927845799085929457e+00,-9.071336699230304390e+00,-8.177318831585800751e+00,-7.270517526657712892e+00,-6.369539527804124468e+00,-5.726254812600132027e+00,-5.031776821069634309e+00,-4.302430192109161666e+00,-3.741358782439967001e+00,-3.155455296136034704e+00,-2.548916558804948718e+00,-1.987980608582546438e+00,-1.415376168552768821e+00,-8.320781436614961279e-01,-2.773593812205024101e-01,2.773593812204966369e-01,8.320781436614961279e-01,1.415376168552770153e+00,1.987980608582544662e+00,2.548916558804943833e+00,3.155455296136036480e+00,3.741358782439959896e+00,4.302430192109170548e+00,5.031776821069634309e+00,5.726254812600124922e+00,6.369539527804107593e+00,7.270517526657712892e+00,8.177318831585814962e+00,9.071336699230300837e+00,9.927845799085943668e+00,1.097964065827924429e+01,1.230724426441295805e+01,1.431957518998181911e+01,1.663435828154732121e+01,1.929857023566216867e+01,2.196278218977704455e+01,2.462699414389203412e+01,2.729120609800691000e+01,2.995541805212167219e+01,3.261963000623677544e+01
-3.261940123238082379e+01,-2.994675848516163796e+01,-2.727411573794239530e+01,-2.460147299072312421e+01,-2.192883024350383891e+01,-1.925618749628466020e+01,-1.658354474906541043e+01,-1.426772084993811518e+01,-1.225776384392694851e+01,-1.091685225838868689e+01,-9.843570916165475637e+00,-8.962270427881183110e+00,-8.075860608093172743e+00,-7.182550990549568581e+00,-6.298683195303423688e+00,-5.657629931435785409e+00,-4.971456740025798737e+00,-4.255028950544141431e+00,-3.698109705535149061e+00,-3.118327790392015686e+00,-2.519574335569772394e+00,-1.963886421238189683e+00,-1.398306512514306821e+00,-8.236717423304957819e-01,-2.745572474435018506e-01,2.745572474434965216e-01,8.236717423304966701e-01,1.398306512514308153e+00,1.963886421238185243e+00,2.519574335569771506e+00,3.118327790392008581e+00,3.698109705535154390e+00,4.255028950544158306e+00,4.971456740025786303e+00,5.657629931435781856e+00,6.298683195303439675e+00,7.182550990549579240e+00,8.075860608093186954e+00,8.962270427881207979e+00,9.843570916165468532e+00,1.091685225838868689e+01,1.225776384392695206e+01,1.426772084993807255e+01,1.658354474906542464e+01,1.925618749628466730e+01,2.192883024350390997e+01,2.460147299072315263e+01,2.727411573794233846e+01,2.994675848516169481e+01,3.261940123238082379e+01
-3.261917245852509950e+01,-2.993809891820143321e+01,-2.725702537787788060e+01,-2.457595183755429957e+01,-2.189487829723071854e+01,-1.921380475690708778e+01,-1.653273121658351386e+01,-1.421586650989436862e+01,-1.220828342344091766e+01,-1.085406385849810817e+01,-9.759296033245014712e+00,-8.853204156532076041e+00,-7.974402384600566052e+00,-7.094584454441456245e+00,-6.227826862802764651e+00,-5.589005050271428132e+00,-4.911136658981957837e+00,-4.207627708979135406e+00,-3.654860628630345332e+00,-3.081200284647986010e+00,-2.490232112334599179e+00,-1.939792233893831153e+00,-1.381236856475842600e+00,-8.152653409994945477e-01,-2.717551136665012912e-01,2.717551136664968503e-01,8.152653409994963241e-01,1.381236856475846153e+00,1.939792233893826712e+00,2.490232112334592074e+00,3.081200284647980681e+00,3.654860628630354213e+00,4.207627708979131853e+00,4.911136658981963166e+00,5.589005050271442343e+00,6.227826862802764651e+00,7.094584454441452692e+00,7.974402384600566052e+00,8.853204156532058278e+00,9.759296033245014712e+00,1.085406385849811173e+01,1.220828342344088924e+01,1.421586650989438283e+01,1.653273121658349254e+01,1.921380475690710909e+01,2.189487829723071854e+01,2.457595183755432799e+01,2.725702537787788060e+01,2.993809891820149005e+01,3.261917245852509950e+01
-3.261894368466943206e+01,-2.992943935124139898e+01,-2.723993501781347959e+01,-2.455043068438547493e+01,-2.186092635095755554e+01,-1.917142201752957220e+01,-1.648191768410158886e+01,-1.416401216985064337e+01,-1.215880300295487260e+01,-1.079127545860755788e+01,-9.675021150324550234e+00,-8.744137885182952985e+00,-7.872944161107930938e+00,-7.006617918333336803e+00,-6.156970530302085187e+00,-5.520380169107095725e+00,-4.850816577938125818e+00,-4.160226467414118723e+00,-3.611611551725548708e+00,-3.044072778903959886e+00,-2.460889889099422412e+00,-1.915698046549472622e+00,-1.364167200437380600e+00,-8.068589396684950898e-01,-2.689529798895011758e-01,2.689529798894965129e-01,8.068589396684959780e-01,1.364167200437382377e+00,1.915698046549469957e+00,2.460889889099419747e+00,3.044072778903959886e+00,3.611611551725548708e+00,4.160226467414126716e+00,4.850816577938122265e+00,5.520380169107101054e+00,6.156970530302082523e+00,7.006617918333333250e+00,7.872944161107930938e+00,8.744137885182958314e+00,9.675021150324560892e+00,1.079127545860756499e+01,1.215880300295485483e+01,1.416401216985062206e+01,1.648191768410159597e+01,1.917142201752957931e+01,2.186092635095752712e+01,2.455043068438544651e+01,2.723993501781347959e+01,2.992943935124151267e+01,3.261894368466948890e+01
-3.261871491081359409e+01,-2.992077978428125107e+01,-2.722284465774896489e+01,-2.452490953121660766e+01,-2.182697440468432859e+01,-1.912903927815200689e+01,-1.643110415161972071e+01,-1.411215782980693589e+01,-1.210932258246882931e+01,-1.072848705871699337e+01,-9.590746267404085756e+00,-8.635071613833844140e+00,-7.771485937615310036e+00,-6.918651382225206703e+00,-6.086114197801411940e+00,-5.451755287942749106e+00,-4.790496496894286693e+00,-4.112825225849109145e+00,-3.568362474820743202e+00,-3.006945273159931986e+00,-2.431547665864244312e+00,-1.891603859205114091e+00,-1.347097544398919489e+00,-7.984525383374947438e-01,-2.661508461125006164e-01,2.661508461124968417e-01,7.984525383374956320e-01,1.347097544398921265e+00,1.891603859205112315e+00,2.431547665864236762e+00,3.006945273159930210e+00,3.568362474820742314e+00,4.112825225849107369e+00,4.790496496894288470e+00,5.451755287942749106e+00,6.086114197801407499e+00,6.918651382225206703e+00,7.771485937615297601e+00,8.635071613833851245e+00,9.590746267404085756e+00,1.072848705871698982e+01,1.210932258246880622e+01,1.411215782980690392e+01,1.643110415161972071e+01,1.912903927815202110e+01,2.182697440468430727e+01,2.452490953121662187e+01,2.722284465774902174e+01,2.992077978428136475e+01,3.261871491081365093e+01
-3.261848613695775612e+01,-2.991212021732113158e+01,-2.720575429768445019e+01,-2.449938837804779723e+01,-2.179302245841115138e+01,-1.908665653877447710e+01,-1.638029061913782414e+01,-1.406030348976319999e+01,-1.205984216198278425e+01,-1.066569865882642176e+01,-9.506471384483635489e+00,-8.526005342484737071e+00,-7.670027714122674922e+00,-6.830684846117087261e+00,-6.015257865300728923e+00,-5.383130406778406041e+00,-4.730176415850444904e+00,-4.065423984284092462e+00,-3.525113397915934144e+00,-2.969817767415906751e+00,-2.402205442629065768e+00,-1.867509671860756448e+00,-1.330027888360456156e+00,-7.900461370064935096e-01,-2.633487123355000570e-01,2.633487123354967263e-01,7.900461370064943978e-01,1.330027888360455712e+00,1.867509671860754672e+00,2.402205442629064436e+00,2.969817767415907639e+00,3.525113397915932367e+00,4.065423984284098680e+00,4.730176415850444016e+00,5.383130406778406041e+00,6.015257865300732476e+00,6.830684846117087261e+00,7.670027714122680251e+00,8.526005342484722860e+00,9.506471384483639042e+00,1.066569865882643597e+01,1.205984216198278602e+01,1.406030348976318578e+01,1.638029061913780993e+01,1.908665653877447710e+01,2.179302245841114427e+01,2.449938837804779723e+01,2.720575429768450704e+01,2.991212021732110315e+01,3.261848613695775612e+01
-3.261825736310206025e+01,-2.990346065036104051e+01,-2.718866393762000655e+01,-2.447386722487901523e+01,-2.175907051213796706e+01,-1.904427379939693665e+01,-1.632947708665591335e+01,-1.400844914971946764e+01,-1.201036174149676050e+01,-1.060291025893586792e+01,-9.422196501563167459e+00,-8.416939071135621120e+00,-7.568569490630054020e+00,-6.742718310008957161e+00,-5.944401532800052124e+00,-5.314505525614055870e+00,-4.669856334806612885e+00,-4.018022742719075779e+00,-3.481864321011128638e+00,-2.932690261671879739e+00,-2.372863219393889000e+00,-1.843415484516399694e+00,-1.312958232321992602e+00,-7.816397356754940517e-01,-2.605465785584999416e-01,2.605465785584968330e-01,7.816397356754944958e-01,1.312958232321992824e+00,1.843415484516396585e+00,2.372863219393886780e+00,2.932690261671881515e+00,3.481864321011126862e+00,4.018022742719079332e+00,4.669856334806608444e+00,5.314505525614063863e+00,5.944401532800046795e+00,6.742718310008953608e+00,7.568569490630052243e+00,8.416939071135615791e+00,9.422196501563171012e+00,1.060291025893586792e+01,1.201036174149674451e+01,1.400844914971945343e+01,1.632947708665591691e+01,1.904427379939694731e+01,2.175907051213796706e+01,2.447386722487900101e+01,2.718866393762002076e+01,2.990346065036101209e+01,3.261825736310208868e+01
-3.261802858924630755e+01,-2.989480108340093523e+01,-2.717157357755557712e+01,-2.444834607171016927e+01,-2.172511856586479340e+01,-1.900189106001939621e+01,-1.627866355417400257e+01,-1.395659480967574062e+01,-1.196088132101071544e+01,-1.054012185904530696e+01,-9.337921618642706534e+00,-8.307872799786501616e+00,-7.467111267137426012e+00,-6.654751773900835055e+00,-5.873545200299368219e+00,-5.245880644449714580e+00,-4.609536253762771096e+00,-3.970621501154067534e+00,-3.438615244106324020e+00,-2.895562755927853171e+00,-2.343520996158710457e+00,-1.819321297172041607e+00,-1.295888576283530380e+00,-7.732333343444937057e-01,-2.577444447814996042e-01,2.577444447814968287e-01,7.732333343444941498e-01,1.295888576283530380e+00,1.819321297172038943e+00,2.343520996158710901e+00,2.895562755927851839e+00,3.438615244106323132e+00,3.970621501154068866e+00,4.609536253762771096e+00,5.245880644449712804e+00,5.873545200299375324e+00,6.654751773900827061e+00,7.467111267137429564e+00,8.307872799786505169e+00,9.337921618642706534e+00,1.054012185904531407e+01,1.196088132101071722e+01,1.395659480967573174e+01,1.627866355417400968e+01,1.900189106001938910e+01,2.172511856586476142e+01,2.444834607171017637e+01,2.717157357755556291e+01,2.989480108340097786e+01,3.261802858924630755e+01
-3.261779981539054063e+01,-2.988614151644080152e+01,-2.715448321749107663e+01,-2.442282491854132687e+01,-2.169116661959158421e+01,-1.895950832064184510e+01,-1.622785002169210600e+01,-1.390474046963200649e+01,-1.191140090052468636e+01,-1.047733345915475489e+01,-9.253646735722249161e+00,-8.198806528437390995e+00,-7.365653043644801556e+00,-6.566785237792709395e+00,-5.802688867798695860e+00,-5.177255763285372403e+00,-4.549216172718936413e+00,-3.923220259589052628e+00,-3.395366167201517626e+00,-2.858435250183826604e+00,-2.314178772923535021e+00,-1.795227109827683964e+00,-1.278818920245066826e+00,-7.648269330134929156e-01,-2.549423110044993224e-01,2.549423110044967133e-01,7.648269330134931376e-01,1.278818920245067048e+00,1.795227109827681300e+00,2.314178772923533245e+00,2.858435250183825715e+00,3.395366167201516294e+00,3.923220259589053072e+00,4.549216172718933748e+00,5.177255763285371515e+00,5.802688867798691419e+00,6.566785237792702290e+00,7.365653043644801556e+00,8.198806528437389218e+00,9.253646735722252714e+00,1.047733345915475311e+01,1.191140090052468281e+01,1.390474046963199761e+01,1.622785002169211310e+01,1.895950832064183800e+01,2.169116661959157710e+01,2.442282491854132331e+01,2.715448321749104821e+01,2.988614151644081574e+01,3.261779981539055484e+01
-3.261757104153479503e+01,-2.987748194948069269e+01,-2.713739285742660456e+01,-2.439730376537250578e+01,-2.165721467331839989e+01,-1.891712558126430466e+01,-1.617703648921020942e+01,-1.385288612958827947e+01,-1.186192048003864663e+01,-1.041454505926419216e+01,-9.169371852801791789e+00,-8.089740257088275044e+00,-7.264194820152177101e+00,-6.478818701684584624e+00,-5.731832535298018172e+00,-5.108630882121026673e+00,-4.488896091675098177e+00,-3.875819018024037277e+00,-3.352117090296710789e+00,-2.821307744439799148e+00,-2.284836549688356477e+00,-1.771132922483325878e+00,-1.261749264206604382e+00,-7.564205316824927916e-01,-2.521401772274990405e-01,2.521401772274967090e-01,7.564205316824927916e-01,1.261749264206604160e+00,1.771132922483323879e+00,2.284836549688356477e+00,2.821307744439799148e+00,3.352117090296708568e+00,3.875819018024039053e+00,4.488896091675096400e+00,5.108630882121026673e+00,5.731832535298015507e+00,6.478818701684581072e+00,7.264194820152177101e+00,8.089740257088275044e+00,9.169371852801786460e+00,1.041454505926419216e+01,1.186192048003864841e+01,1.385288612958827237e+01,1.617703648921020942e+01,1.891712558126430110e+01,2.165721467331839278e+01,2.439730376537250223e+01,2.713739285742659746e+01,2.987748194948069269e+01,3.261757104153478792e+01
-3.261734226767902101e+01,-2.986882238252056609e+01,-2.712030249736211829e+01,-2.437178261220366693e+01,-2.162326272704520846e+01,-1.887474284188675711e+01,-1.612622295672831285e+01,-1.380103178954455245e+01,-1.181244005955261578e+01,-1.035175665937363121e+01,-9.085096969881332640e+00,-7.980673985739161758e+00,-7.162736596659550870e+00,-6.390852165576458077e+00,-5.660976202797339596e+00,-5.040006000956682719e+00,-4.428576010631260829e+00,-3.828417776459024591e+00,-3.308868013391904839e+00,-2.784180238695772580e+00,-2.255494326453179710e+00,-1.747038735138967569e+00,-1.244679608168141272e+00,-7.480141303514925566e-01,-2.493380434504987586e-01,2.493380434504968435e-01,7.480141303514924456e-01,1.244679608168141272e+00,1.747038735138966015e+00,2.255494326453180154e+00,2.784180238695772136e+00,3.308868013391903062e+00,3.828417776459024147e+00,4.428576010631259052e+00,5.040006000956683607e+00,5.660976202797337820e+00,6.390852165576456301e+00,7.162736596659550870e+00,7.980673985739160869e+00,9.085096969881327311e+00,1.035175665937362766e+01,1.181244005955261578e+01,1.380103178954454535e+01,1.612622295672830930e+01,1.887474284188675711e+01,2.162326272704520136e+01,2.437178261220366693e+01,2.712030249736211474e+01,2.986882238252055544e+01,3.261734226767902811e+01
-3.261284529637787699e+01,-2.985881480635393004e+01,-2.710478431632999374e+01,-2.435075382630605390e+01,-2.159672333628210339e+01,-1.884269284625815644e+01,-1.608866235623422014e+01,-1.376207578149205801e+01,-1.177346904006454942e+01,-1.029876627838937608e+01,-9.016595264315345304e+00,-7.896491869318926327e+00,-7.074244495023268797e+00,-6.305912280652538726e+00,-5.585693214923962202e+00,-4.975400593302115482e+00,-4.373928926634483183e+00,-3.782864566436827669e+00,-3.265987860755536598e+00,-2.747207852429240482e+00,-2.227254252060914652e+00,-1.727018736737872429e+00,-1.232030147777734452e+00,-7.419189529108792813e-01,-2.473063176369609817e-01,2.473063176369591776e-01,7.419189529108792813e-01,1.232030147777734452e+00,1.727018736737870208e+00,2.227254252060914208e+00,2.747207852429240482e+00,3.265987860755534822e+00,3.782864566436827669e+00,4.373928926634481407e+00,4.975400593302117258e+00,5.585693214923961314e+00,6.305912280652535173e+00,7.074244495023268797e+00,7.896491869318922774e+00,9.016595264315341751e+00,1.029876627838937964e+01,1.177346904006454764e+01,1.376207578149205091e+01,1.608866235623422014e+01,1.884269284625815644e+01,2.159672333628209273e+01,2.435075382630605390e+01,2.710478431632998308e+01,2.985881480635391583e+01,3.261284529637787699e+01
-3.259188290845334279e+01,-2.983952896448335679e+01,-2.708717502051337789e+01,-2.433482107654340254e+01,-2.158246713257341654e+01,-1.883011318860343408e+01,-1.607775924463345874e+01,-1.374698057601947099e+01,-1.174941885844133260e+01,-1.025746572363519604e+01,-8.963579535954840694e+00,-7.835420101766190193e+00,-7.001090913083185541e+00,-6.232002082507974272e+00,-5.519256136149786940e+00,-4.908622024542273365e+00,-4.314823245660813988e+00,-3.737778568638275623e+00,-3.229407211242024900e+00,-2.715945796610124585e+00,-2.198627229955746110e+00,-1.705471887593504654e+00,-1.216024796497813476e+00,-7.300451109785773829e-01,-2.433483703261936637e-01,2.433483703261918318e-01,7.300451109785773829e-01,1.216024796497813698e+00,1.705471887593502878e+00,2.198627229955746110e+00,2.715945796610124585e+00,3.229407211242023124e+00,3.737778568638275623e+00,4.314823245660812212e+00,4.908622024542275142e+00,5.519256136149784275e+00,6.232002082507971608e+00,7.001090913083184653e+00,7.835420101766187528e+00,8.963579535954835364e+00,1.025746572363519604e+01,1.174941885844133438e+01,1.374698057601946388e+01,1.607775924463345874e+01,1.883011318860343408e+01,2.158246713257340588e+01,2.433482107654339899e+01,2.708717502051337078e+01,2.983952896448334968e+01,3.259188290845334279e+01
-3.257269625271665348e+01,-2.982351155269602927e+01,-2.707432685267541217e+01,-2.432514215265478086e+01,-2.157595745263415310e+01,-1.882677275261353245e+01,-1.607758805259291535e+01,-1.374328299372892381e+01,-1.173715065843601835e+01,-1.023110598747787492e+01,-8.923229151953764315e+00,-7.781218087550035634e+00,-6.933874161624196120e+00,-6.162322663365479514e+00,-5.454995920388322261e+00,-4.846023130327191453e+00,-4.259852204674437814e+00,-3.694957557079436850e+00,-3.189872488860260979e+00,-2.682023195821125583e+00,-2.172319414565763385e+00,-1.685287327661364909e+00,-1.202470208296062992e+00,-7.235722957774981534e-01,-2.411907652591672169e-01,2.411907652591654960e-01,7.235722957774982644e-01,1.202470208296062992e+00,1.685287327661363355e+00,2.172319414565763829e+00,2.682023195821125583e+00,3.189872488860258759e+00,3.694957557079437294e+00,4.259852204674436926e+00,4.846023130327193229e+00,5.454995920388320485e+00,6.162322663365477737e+00,6.933874161624196120e+00,7.781218087550033857e+00,8.923229151953758986e+00,1.023110598747787314e+01,1.173715065843601657e+01,1.374328299372891493e+01,1.607758805259291535e+01,1.882677275261353245e+01,2.157595745263414599e+01,2.432514215265478086e+01,2.707432685267539441e+01,2.982351155269600795e+01,3.257269625271664637e+01
-3.268702026008539008e+01,-2.992019277000436972e+01,-2.715336527992335647e+01,-2.438653778984234322e+01,-2.161971029976132286e+01,-1.885288280968030605e+01,-1.608605531959929635e+01,-1.374150549122703957e+01,-1.172966290734320971e+01,-1.021349914452737195e+01,-8.892728249071627289e+00,-7.735140834904223439e+00,-6.863567713280947835e+00,-6.088958424545533710e+00,-5.394095053243438187e+00,-4.785223753283910142e+00,-4.204304343193959070e+00,-3.648907433218190999e+00,-3.153711909170062722e+00,-2.651979635120123469e+00,-2.145205887749928042e+00,-1.665962555460811956e+00,-1.188860295803549683e+00,-7.137573993038339726e-01,-2.379191331012791566e-01,2.379191331012774080e-01,7.137573993038339726e-01,1.188860295803549683e+00,1.665962555460810623e+00,2.145205887749928486e+00,2.651979635120123469e+00,3.153711909170061389e+00,3.648907433218191443e+00,4.204304343193957294e+00,4.785223753283912806e+00,5.394095053243436411e+00,6.088958424545531045e+00,6.863567713280946947e+00,7.735140834904221663e+00,8.892728249071623736e+00,1.021349914452737018e+01,1.172966290734320793e+01,1.374150549122703424e+01,1.608605531959929280e+01,1.885288280968030250e+01,2.161971029976131220e+01,2.438653778984234322e+01,2.715336527992334226e+01,2.992019277000435196e+01,3.268702026008538297e+01
-3.287677599594728406e+01,-3.008236875662142396e+01,-2.728796151729557451e+01,-2.449355427796972151e+01,-2.169914703864386496e+01,-1.890473979931801551e+01,-1.611033255999216962e+01,-1.374706189077409491e+01,-1.172287636898361640e+01,-1.019867952599775407e+01,-8.866309684265367252e+00,-7.694239315402292334e+00,-6.804147213838829700e+00,-6.024030473842011624e+00,-5.333483683370912942e+00,-4.726025426485461978e+00,-4.151803513058395900e+00,-3.607059465366104778e+00,-3.113497179090183753e+00,-2.617588359337063686e+00,-2.120196913357057955e+00,-1.645694660715979252e+00,-1.174507272846951222e+00,-7.064014168767969171e-01,-2.354671389589334529e-01,2.354671389589317321e-01,7.064014168767969171e-01,1.174507272846951444e+00,1.645694660715977697e+00,2.120196913357057511e+00,2.617588359337063242e+00,3.113497179090181977e+00,3.607059465366103890e+00,4.151803513058393236e+00,4.726025426485463754e+00,5.333483683370911166e+00,6.024030473842009847e+00,6.804147213838828812e+00,7.694239315402291446e+00,8.866309684265363700e+00,1.019867952599775407e+01,1.172287636898361640e+01,1.374706189077408602e+01,1.611033255999216962e+01,1.890473979931801551e+01,2.169914703864385785e+01,2.449355427796971796e+01,2.728796151729556740e+01,3.008236875662140619e+01,3.287677599594727695e+01
-3.308223430132083820e+01,-3.026043347928331428e+01,-2.743863265724579037e+01,-2.461683183520827001e+01,-2.179503101317073543e+01,-1.897323019113321507e+01,-1.615142936909569826e+01,-1.376528595920499853e+01,-1.172217371122663998e+01,-1.018824230390868735e+01,-8.846892592580465120e+00,-7.665179861708606879e+00,-6.750279135633288519e+00,-5.961879506588006805e+00,-5.275400413089579743e+00,-4.666234650017409002e+00,-4.097482687198888307e+00,-3.563922537330626028e+00,-3.077307699786419271e+00,-2.586671337918472702e+00,-2.093199587805867790e+00,-1.627249257488129430e+00,-1.162427003383638580e+00,-6.986450193562543376e-01,-2.328816731187525746e-01,2.328816731187508537e-01,6.986450193562542266e-01,1.162427003383638358e+00,1.627249257488127876e+00,2.093199587805867790e+00,2.586671337918472258e+00,3.077307699786417494e+00,3.563922537330626028e+00,4.097482687198886531e+00,4.666234650017410779e+00,5.275400413089577967e+00,5.961879506588004141e+00,6.750279135633288519e+00,7.665179861708605102e+00,8.846892592580461567e+00,1.018824230390868557e+01,1.172217371122663820e+01,1.376528595920499143e+01,1.615142936909569826e+01,1.897323019113321507e+01,2.179503101317073188e+01,2.461683183520827356e+01,2.743863265724578326e+01,3.026043347928330007e+01,3.308223430132083820e+01
-3.337519143609732453e+01,-3.051687677665805154e+01,-2.765856211721878211e+01,-2.480024745777952688e+01,-2.194193279834025034e+01,-1.908361813890098446e+01,-1.622530347946172213e+01,-1.380430378379812772e+01,-1.172910507976932237e+01,-1.017984113041971739e+01,-8.825626778603828271e+00,-7.632196749207146524e+00,-6.697690847705038308e+00,-5.903613025896909505e+00,-5.221569929833141721e+00,-4.607128230439530903e+00,-4.042848183131249939e+00,-3.521402908444186242e+00,-3.038398792867204268e+00,-2.553023147431402684e+00,-2.066242291507669471e+00,-1.606300283972792231e+00,-1.147896504263352435e+00,-6.909037343879388393e-01,-2.303012447959807418e-01,2.303012447959790487e-01,6.909037343879388393e-01,1.147896504263352435e+00,1.606300283972790677e+00,2.066242291507669027e+00,2.553023147431402684e+00,3.038398792867202491e+00,3.521402908444185798e+00,4.042848183131248163e+00,4.607128230439530903e+00,5.221569929833139945e+00,5.903613025896907729e+00,6.697690847705037420e+00,7.632196749207144748e+00,8.825626778603822942e+00,1.017984113041971383e+01,1.172910507976932237e+01,1.380430378379811707e+01,1.622530347946172213e+01,1.908361813890098091e+01,2.194193279834023969e+01,2.480024745777952333e+01,2.765856211721877855e+01,3.051687677665804443e+01,3.337519143609732453e+01
-3.370998164768216299e+01,-3.081093671366464548e+01,-2.791189177964713508e+01,-2.501284684562962468e+01,-2.211380191161210718e+01,-1.921475697759459678e+01,-1.631571204357709348e+01,-1.385898586074179306e+01,-1.175241084549641890e+01,-1.018176892813417389e+01,-8.811872580527250420e+00,-7.605921666608780995e+00,-6.647146375054908241e+00,-5.845463926268347876e+00,-5.168053823342811270e+00,-4.548849983925148166e+00,-3.987429145863644830e+00,-3.475065368355667150e+00,-3.000278851257713875e+00,-2.520572198081732829e+00,-2.037385440862739650e+00,-1.587426604319637669e+00,-1.135563602018490714e+00,-6.819092226507584842e-01,-2.273030742169204754e-01,2.273030742169191154e-01,6.819092226507585952e-01,1.135563602018490936e+00,1.587426604319636336e+00,2.037385440862739205e+00,2.520572198081732829e+00,3.000278851257712098e+00,3.475065368355667150e+00,3.987429145863643498e+00,4.548849983925149054e+00,5.168053823342811270e+00,5.845463926268346100e+00,6.647146375054907352e+00,7.605921666608777443e+00,8.811872580527246868e+00,1.018176892813417389e+01,1.175241084549642068e+01,1.385898586074178418e+01,1.631571204357709348e+01,1.921475697759459678e+01,2.211380191161210362e+01,2.501284684562962468e+01,2.791189177964713153e+01,3.081093671366463838e+01,3.370998164768215588e+01
-3.407373841669157599e+01,-3.113464977031687297e+01,-2.819556112394216996e+01,-2.525647247756747049e+01,-2.231738383119276747e+01,-1.937829518481805735e+01,-1.643920653844336499e+01,-1.394012810862009211e+01,-1.179088066094650245e+01,-1.019001692079197241e+01,-8.798086090756758182e+00,-7.576013181759174486e+00,-6.601455630955761933e+00,-5.796136548056167292e+00,-5.123464366498208022e+00,-4.493184779388284866e+00,-3.934263203559007493e+00,-3.434979680595081852e+00,-2.959959498597566352e+00,-2.483606724934757537e+00,-2.006878683472899105e+00,-1.561704982984576162e+00,-1.116704146516718676e+00,-6.718402411348229908e-01,-2.239467470449421072e-01,2.239467470449404696e-01,6.718402411348229908e-01,1.116704146516718898e+00,1.561704982984574830e+00,2.006878683472899549e+00,2.483606724934757093e+00,2.959959498597564576e+00,3.434979680595082741e+00,3.934263203559005273e+00,4.493184779388285754e+00,5.123464366498206246e+00,5.796136548056164628e+00,6.601455630955761933e+00,7.576013181759170934e+00,8.798086090756752853e+00,1.019001692079197063e+01,1.179088066094650422e+01,1.394012810862008322e+01,1.643920653844336144e+01,1.937829518481805735e+01,2.231738383119275682e+01,2.525647247756747049e+01,2.819556112394216996e+01,3.113464977031686232e+01,3.407373841669157599e+01
-3.455196512948322152e+01,-3.155891439189782943e+01,-2.856586365431244445e+01,-2.557281291672705592e+01,-2.257976217914166739e+01,-1.958671144155627530e+01,-1.659366070397089388e+01,-1.404573292618758451e+01,-1.185267536283013889e+01,-1.022422973986863326e+01,-8.804928870557358067e+00,-7.556048056608545060e+00,-6.559840987625936926e+00,-5.747414478239265989e+00,-5.078148306510349208e+00,-4.440352218801789874e+00,-3.881723399508277605e+00,-3.389206703587955172e+00,-2.922375386821880916e+00,-2.451545867772201071e+00,-1.978141973828823064e+00,-1.541823538674667704e+00,-1.103305391645020173e+00,-6.627168120538697860e-01,-2.209056040179576963e-01,2.209056040179560587e-01,6.627168120538697860e-01,1.103305391645020173e+00,1.541823538674666150e+00,1.978141973828822842e+00,2.451545867772201071e+00,2.922375386821878696e+00,3.389206703587954728e+00,3.881723399508276273e+00,4.440352218801791651e+00,5.078148306510346544e+00,5.747414478239264213e+00,6.559840987625936037e+00,7.556048056608542396e+00,8.804928870557354514e+00,1.022422973986863326e+01,1.185267536283013712e+01,1.404573292618757741e+01,1.659366070397089388e+01,1.958671144155627530e+01,2.257976217914166028e+01,2.557281291672706303e+01,2.856586365431244445e+01,3.155891439189782588e+01,3.455196512948322862e+01
-3.515540664401434157e+01,-3.209639920841419780e+01,-2.903739177281404693e+01,-2.597838433721389606e+01,-2.291937690161374519e+01,-1.986036946601359432e+01,-1.680136203041345055e+01,-1.420002704565036922e+01,-1.196115235499011931e+01,-1.027837925090457460e+01,-8.820214310794176171e+00,-7.543883412869558214e+00,-6.523977751568565964e+00,-5.701977783612283801e+00,-5.033392215190206187e+00,-4.386360226463682288e+00,-3.829618395062080793e+00,-3.347706767730340260e+00,-2.881706428100600181e+00,-2.416305228831299612e+00,-1.952278210849589302e+00,-1.521990959138385779e+00,-1.089014235661835306e+00,-6.535169398403806174e-01,-2.178389799467945753e-01,2.178389799467929655e-01,6.535169398403805063e-01,1.089014235661835306e+00,1.521990959138384225e+00,1.952278210849589524e+00,2.416305228831300056e+00,2.881706428100597961e+00,3.347706767730340260e+00,3.829618395062079017e+00,4.386360226463683176e+00,5.033392215190204411e+00,5.701977783612282025e+00,6.523977751568565076e+00,7.543883412869558214e+00,8.820214310794172619e+00,1.027837925090457460e+01,1.196115235499011931e+01,1.420002704565035856e+01,1.680136203041345055e+01,1.986036946601359077e+01,2.291937690161373453e+01,2.597838433721389606e+01,2.903739177281404338e+01,3.209639920841418359e+01,3.515540664401434867e+01
-3.597275454644275783e+01,-3.282160411284660739e+01,-2.967045367925047472e+01,-2.651930324565433139e+01,-2.336815281205818096e+01,-2.021700237846203763e+01,-1.706585194486590140e+01,-1.440079754079854268e+01,-1.211590243121649557e+01,-1.037297336757814747e+01,-8.871762461397880273e+00,-7.564778677104546212e+00,-6.515397041731855410e+00,-5.671937787343480863e+00,-4.988675032888488126e+00,-4.337186850072184185e+00,-3.784661789319601510e+00,-3.313723084951400555e+00,-2.850096662915647450e+00,-2.387597634594241569e+00,-1.926994773611924616e+00,-1.502461964766037550e+00,-1.077278608617038058e+00,-6.514165269123266544e-01,-2.171388423041099580e-01,2.171388423041083204e-01,6.514165269123266544e-01,1.077278608617037836e+00,1.502461964766035996e+00,1.926994773611924838e+00,2.387597634594241569e+00,2.850096662915645673e+00,3.313723084951399667e+00,3.784661789319599734e+00,4.337186850072185962e+00,4.988675032888486349e+00,5.671937787343479087e+00,6.515397041731855410e+00,7.564778677104544435e+00,8.871762461397876720e+00,1.037297336757814747e+01,1.211590243121649557e+01,1.440079754079853203e+01,1.706585194486589785e+01,2.021700237846203407e+01,2.336815281205817385e+01,2.651930324565433139e+01,2.967045367925046762e+01,3.282160411284660739e+01,3.597275454644275783e+01
-3.684709493417670245e+01,-3.360574903412144465e+01,-3.036440313406619040e+01,-2.712305723401093616e+01,-2.388171133395566414e+01,-2.064036543390040634e+01,-1.739901953384515210e+01,-1.466410136855924051e+01,-1.232070074134015236e+01,-1.049598350582170170e+01,-8.938175293717094405e+00,-7.593568177486194060e+00,-6.517455722021337827e+00,-5.660793418049351544e+00,-4.973672698788605295e+00,-4.301001891620149564e+00,-3.743487033465918490e+00,-3.280581523452313242e+00,-2.818525243741181185e+00,-2.360132640489005063e+00,-1.905745341245973723e+00,-1.482830245926791246e+00,-1.059465375596433612e+00,-6.356792253578599228e-01,-2.118930751192876771e-01,2.118930751192861228e-01,6.356792253578599228e-01,1.059465375596433834e+00,1.482830245926789692e+00,1.905745341245973945e+00,2.360132640489005507e+00,2.818525243741178965e+00,3.280581523452312798e+00,3.743487033465915825e+00,4.301001891620149564e+00,4.973672698788603519e+00,5.660793418049349768e+00,6.517455722021338715e+00,7.593568177486191395e+00,8.938175293717092629e+00,1.049598350582170170e+01,1.232070074134015414e+01,1.466410136855922985e+01,1.739901953384514854e+01,2.064036543390040279e+01,2.388171133395565704e+01,2.712305723401093971e+01,3.036440313406619396e+01,3.360574903412144465e+01,3.684709493417672377e+01
-3.766784990147813517e+01,-3.435726279215346324e+01,-3.104667568282879131e+01,-2.773608857350412649e+01,-2.442550146417944035e+01,-2.111491435485476842e+01,-1.780432724553010360e+01,-1.499424133144690430e+01,-1.257250507425198194e+01,-1.067768510568593499e+01,-9.061057756288597886e+00,-7.667821677349102139e+00,-6.569245721115877679e+00,-5.694909339079289090e+00,-4.993407985626911127e+00,-4.299973780857220262e+00,-3.731655925427259657e+00,-3.266221231267006697e+00,-2.803833965936414430e+00,-2.345806221591442586e+00,-1.892534177092019654e+00,-1.476301003456972349e+00,-1.057296794578417076e+00,-6.356792253578599228e-01,-2.118930751192876771e-01,2.118930751192861228e-01,6.356792253578599228e-01,1.057296794578416854e+00,1.476301003456971017e+00,1.892534177092019876e+00,2.345806221591442586e+00,2.803833965936413097e+00,3.266221231267006697e+00,3.731655925427258325e+00,4.299973780857221151e+00,4.993407985626910239e+00,5.694909339079288202e+00,6.569245721115877679e+00,7.667821677349102139e+00,9.061057756288594334e+00,1.067768510568593499e+01,1.257250507425198194e+01,1.499424133144689542e+01,1.780432724553010360e+01,2.111491435485476487e+01,2.442550146417943324e+01,2.773608857350411938e+01,3.104667568282878776e+01,3.435726279215344903e+01,3.766784990147813517e+01
-3.861696060911172879e+01,-3.522494902357208701e+01,-3.183293743803244524e+01,-2.844092585249281768e+01,-2.504891426695317591e+01,-2.165690268141353769e+01,-1.826489109587390658e+01,-1.537310313373761694e+01,-1.287080161661027233e+01,-1.090880243342413003e+01,-9.228091338866205362e+00,-7.775838804017528361e+00,-6.654017188808964534e+00,-5.742955580590050069e+00,-4.996700601626740124e+00,-4.296910197116760699e+00,-3.725134729182507876e+00,-3.258529610474454330e+00,-2.792783347323589904e+00,-2.332919355051126242e+00,-1.879174783248367397e+00,-1.463581969203800792e+00,-1.047565992480940622e+00,-6.311182242246435870e-01,-2.103727414082155467e-01,2.103727414082139924e-01,6.311182242246435870e-01,1.047565992480940622e+00,1.463581969203799238e+00,1.879174783248367397e+00,2.332919355051125798e+00,2.792783347323588128e+00,3.258529610474453442e+00,3.725134729182505211e+00,4.296910197116761587e+00,4.996700601626738347e+00,5.742955580590047404e+00,6.654017188808962757e+00,7.775838804017524808e+00,9.228091338866200033e+00,1.090880243342413003e+01,1.287080161661027056e+01,1.537310313373760629e+01,1.826489109587391013e+01,2.165690268141354125e+01,2.504891426695316525e+01,2.844092585249281768e+01,3.183293743803244524e+01,3.522494902357207280e+01,3.861696060911173589e+01
-3.977849599145274340e+01,-3.627975526243223214e+01,-3.278101453341172089e+01,-2.928227380439120964e+01,-2.578353307537069128e+01,-2.228479234635018358e+01,-1.878605161732967588e+01,-1.580115502826782148e+01,-1.321783503973809104e+01,-1.120455007617589516e+01,-9.456500387581359135e+00,-7.931129861167567796e+00,-6.808688544289990929e+00,-5.865155349224554726e+00,-5.063694064370161563e+00,-4.337448011156070926e+00,-3.751019425387624118e+00,-3.279560040342008431e+00,-2.811443098200642865e+00,-2.343266822343825773e+00,-1.876325464356583872e+00,-1.460551377462730560e+00,-1.044777290568876582e+00,-6.289742354523518708e-01,-2.096580784841181877e-01,2.096580784841169109e-01,6.289742354523518708e-01,1.044777290568876360e+00,1.460551377462729006e+00,1.876325464356583428e+00,2.343266822343825773e+00,2.811443098200641089e+00,3.279560040342007987e+00,3.751019425387622785e+00,4.337448011156071814e+00,5.063694064370160675e+00,5.865155349224552950e+00,6.808688544289991817e+00,7.931129861167567796e+00,9.456500387581355582e+00,1.120455007617589516e+01,1.321783503973809104e+01,1.580115502826781082e+01,1.878605161732967588e+01,2.228479234635018003e+01,2.578353307537068417e+01,2.928227380439120964e+01,3.278101453341170668e+01,3.627975526243221793e+01,3.977849599145273629e+01
-4.100188294394804700e+01,-3.739448664203297312e+01,-3.378709034011793477e+01,-3.017969403820288576e+01,-2.657229773628782254e+01,-2.296490143437277709e+01,-1.935750513245773519e+01,-1.628209059438121642e+01,-1.362375345083042788e+01,-1.156898578489622942e+01,-9.772962009688344054e+00,-8.194349515211731827e+00,-7.011095347221746543e+00,-6.023738438380552118e+00,-5.191435518880932243e+00,-4.433106755229260898e+00,-3.821037879663612635e+00,-3.330514617136399291e+00,-2.873485042986771987e+00,-2.390744870696811297e+00,-1.887643162725062718e+00,-1.471665180161933373e+00,-1.054155199921510633e+00,-6.351734448169971126e-01,-2.117244816056665646e-01,2.117244816056653711e-01,6.351734448169971126e-01,1.054155199921511077e+00,1.471665180161931819e+00,1.887643162725062496e+00,2.390744870696810853e+00,2.873485042986770210e+00,3.330514617136398847e+00,3.821037879663611303e+00,4.433106755229261786e+00,5.191435518880929578e+00,6.023738438380550342e+00,7.011095347221748320e+00,8.194349515211731827e+00,9.772962009688336948e+00,1.156898578489622764e+01,1.362375345083042788e+01,1.628209059438119866e+01,1.935750513245773163e+01,2.296490143437277709e+01,2.657229773628781899e+01,3.017969403820288576e+01,3.378709034011793477e+01,3.739448664203297312e+01,4.100188294394804700e+01
-4.224674121323184295e+01,-3.854151723038806665e+01,-3.483629324754431877e+01,-3.113106926470055313e+01,-2.742584528185678394e+01,-2.372062129901302541e+01,-2.001539731616927043e+01,-1.684806169970693546e+01,-1.410415351050521515e+01,-1.198790756286308934e+01,-1.014057146014379107e+01,-8.516139880850687405e+00,-7.264228205743477496e+00,-6.215402129486047755e+00,-5.328962708816737504e+00,-4.546269196256549350e+00,-3.914220086773927854e+00,-3.406456803328432592e+00,-2.912001478312971070e+00,-2.408660209138914432e+00,-1.899770824563053129e+00,-1.480197125536350189e+00,-1.058622408028328854e+00,-6.351734448169968905e-01,-2.117244816056665369e-01,2.117244816056652601e-01,6.351734448169970015e-01,1.058622408028328854e+00,1.480197125536348857e+00,1.899770824563053129e+00,2.408660209138914432e+00,2.912001478312969738e+00,3.406456803328431704e+00,3.914220086773926521e+00,4.546269196256550238e+00,5.328962708816735727e+00,6.215402129486044203e+00,7.264228205743478384e+00,8.516139880850687405e+00,1.014057146014378574e+01,1.198790756286308934e+01,1.410415351050521693e+01,1.684806169970692835e+01,2.001539731616927043e+01,2.372062129901302541e+01,2.742584528185677328e+01,3.113106926470054958e+01,3.483629324754430456e+01,3.854151723038805244e+01,4.224674121323183584e+01
-4.380071559970123474e+01,-3.995868267017178965e+01,-3.611664974064235878e+01,-3.227461681111290659e+01,-2.843258388158346861e+01,-2.459055095205402708e+01,-2.074851802252459976e+01,-1.748263425163434803e+01,-1.466426471675170973e+01,-1.245718306017456989e+01,-1.054258153925744068e+01,-8.867461964652418871e+00,-7.560253896860100298e+00,-6.436633370197735182e+00,-5.466248823715506688e+00,-4.695700623233616255e+00,-4.034720833470071710e+00,-3.466242982857389521e+00,-2.956815755574623505e+00,-2.441186028977730516e+00,-1.922489167535845755e+00,-1.498161659542099011e+00,-1.073306773190094709e+00,-6.479040479438994415e-01,-2.159680159813007760e-01,2.159680159812993328e-01,6.479040479438994415e-01,1.073306773190094709e+00,1.498161659542097679e+00,1.922489167535845755e+00,2.441186028977730516e+00,2.956815755574621285e+00,3.466242982857389521e+00,4.034720833470069934e+00,4.695700623233618032e+00,5.466248823715504912e+00,6.436633370197732518e+00,7.560253896860100298e+00,8.867461964652417095e+00,1.054258153925743358e+01,1.245718306017456811e+01,1.466426471675170973e+01,1.748263425163433737e+01,2.074851802252459976e+01,2.459055095205403063e+01,2.843258388158346150e+01,3.227461681111292080e+01,3.611664974064234457e+01,3.995868267017177544e+01,4.380071559970124184e+01
-4.533351696862399649e+01,-4.136429443471931933e+01,-3.739507190081463506e+01,-3.342584936690995789e+01,-2.945662683300527362e+01,-2.548740429910060001e+01,-2.151818176519593351e+01,-1.814770114688741032e+01,-1.523985562672367955e+01,-1.294271056179257506e+01,-1.096476844915067161e+01,-9.244469563077137408e+00,-7.878885762573806240e+00,-6.692987017120539228e+00,-5.660061226805201962e+00,-4.872033046977333193e+00,-4.171957424252019209e+00,-3.549474714806725828e+00,-3.052730473837854230e+00,-2.520005529222886231e+00,-1.958938080997275399e+00,-1.525857201704154287e+00,-1.091392762931186811e+00,-6.556216174782412143e-01,-2.185405391594148206e-01,2.185405391594132385e-01,6.556216174782412143e-01,1.091392762931186811e+00,1.525857201704152732e+00,1.958938080997275399e+00,2.520005529222886231e+00,3.052730473837852454e+00,3.549474714806724940e+00,4.171957424252017432e+00,4.872033046977335857e+00,5.660061226805201073e+00,6.692987017120536564e+00,7.878885762573805351e+00,9.244469563077132079e+00,1.096476844915066806e+01,1.294271056179257506e+01,1.523985562672367955e+01,1.814770114688739966e+01,2.151818176519593351e+01,2.548740429910060357e+01,2.945662683300527362e+01,3.342584936690997210e+01,3.739507190081464216e+01,4.136429443471931222e+01,4.533351696862401070e+01
-4.681676678383422541e+01,-4.273021555556816509e+01,-3.864366432730213319e+01,-3.455711309903607997e+01,-3.047056187077004452e+01,-2.638401064250400196e+01,-2.229745941423797007e+01,-1.882308366535134780e+01,-1.582088424225275070e+01,-1.343460398973810221e+01,-1.139151665064090402e+01,-9.622997507421001018e+00,-8.205162312221414567e+00,-6.958839393848596622e+00,-5.861716655334507919e+00,-5.050802980129766695e+00,-4.317482500032843618e+00,-3.655343886515687757e+00,-3.168121510708720390e+00,-2.610844362338734292e+00,-1.996382581445424798e+00,-1.551535686273903591e+00,-1.104537403098854620e+00,-6.556216174782412143e-01,-2.185405391594148483e-01,2.185405391594132107e-01,6.556216174782412143e-01,1.104537403098855064e+00,1.551535686273902037e+00,1.996382581445424798e+00,2.610844362338733404e+00,3.168121510708719057e+00,3.655343886515686869e+00,4.317482500032840065e+00,5.050802980129766695e+00,5.861716655334507919e+00,6.958839393848593957e+00,8.205162312221414567e+00,9.622997507420993912e+00,1.139151665064089691e+01,1.343460398973810044e+01,1.582088424225274892e+01,1.882308366535133359e+01,2.229745941423797007e+01,2.638401064250400196e+01,3.047056187077002676e+01,3.455711309903608708e+01,3.864366432730211898e+01,4.273021555556812245e+01,4.681676678383422541e+01
-4.830001659904439748e+01,-4.409613667641698953e+01,-3.989225675378961000e+01,-3.568837683116218784e+01,-3.148449690853477279e+01,-2.728061698590738260e+01,-2.307673706327999241e+01,-1.949846618381526753e+01,-1.640191285778181296e+01,-1.392649741768362581e+01,-1.181826485213113465e+01,-1.000152545176486285e+01,-8.531438861869020229e+00,-7.224691770576653127e+00,-6.063372083863812989e+00,-5.229572913282195756e+00,-4.463007575813663586e+00,-3.761213058224650574e+00,-3.283512547579586549e+00,-2.701683195454581021e+00,-2.033827081893574640e+00,-1.577214170843651786e+00,-1.117682043266521985e+00,-6.556216174782414363e-01,-2.185405391594147373e-01,2.185405391594131830e-01,6.556216174782414363e-01,1.117682043266522207e+00,1.577214170843650898e+00,2.033827081893573308e+00,2.701683195454581909e+00,3.283512547579585217e+00,3.761213058224649686e+00,4.463007575813662697e+00,5.229572913282199309e+00,6.063372083863814765e+00,7.224691770576651351e+00,8.531438861869018453e+00,1.000152545176485219e+01,1.181826485213113287e+01,1.392649741768363292e+01,1.640191285778181651e+01,1.949846618381525687e+01,2.307673706327999597e+01,2.728061698590737905e+01,3.148449690853476568e+01,3.568837683116217363e+01,3.989225675378958158e+01,4.409613667641696111e+01,4.830001659904434064e+01
-4.978326641425445587e+01,-4.546205779726577134e+01,-4.114084918027705839e+01,-3.681964056328826018e+01,-3.249843194629954013e+01,-2.817722332931078100e+01,-2.385601471232203608e+01,-2.017384870227920857e+01,-1.698294147331089121e+01,-1.441839084562915119e+01,-1.224501305362136705e+01,-1.038005339610872468e+01,-8.857715411516625892e+00,-7.490544147304710521e+00,-6.265027512393123388e+00,-5.408342846434628370e+00,-4.608532651594487106e+00,-3.867082229933611615e+00,-3.398903584450453152e+00,-2.792522028570427750e+00,-2.071271582341721817e+00,-1.602892655413402423e+00,-1.130826683434190461e+00,-6.556216174782409922e-01,-2.185405391594149593e-01,2.185405391594131830e-01,6.556216174782409922e-01,1.130826683434190016e+00,1.602892655413398870e+00,2.071271582341721817e+00,2.792522028570427750e+00,3.398903584450453152e+00,3.867082229933609838e+00,4.608532651594485330e+00,5.408342846434633699e+00,6.265027512393121611e+00,7.490544147304710521e+00,8.857715411516627668e+00,1.038005339610872113e+01,1.224501305362136705e+01,1.441839084562915474e+01,1.698294147331090187e+01,2.017384870227920146e+01,2.385601471232203608e+01,2.817722332931079166e+01,3.249843194629951881e+01,3.681964056328831703e+01,4.114084918027708682e+01,4.546205779726574292e+01,4.978326641425462640e+01
-5.126651622946462794e+01,-4.682797891811458157e+01,-4.238944160676442152e+01,-3.795090429541440358e+01,-3.351236698406428616e+01,-2.907382967271416874e+01,-2.463529236136405842e+01,-2.084923122074314961e+01,-1.756397008883996946e+01,-1.491028427357466768e+01,-1.267176125511159057e+01,-1.075858134045259007e+01,-9.183991961164231554e+00,-7.756396524032766138e+00,-6.466682940922424017e+00,-5.587112779587057432e+00,-4.754057727375314180e+00,-3.972951401642574876e+00,-3.514294621321320200e+00,-2.883360861686273147e+00,-2.108716082789872104e+00,-1.628571139983151284e+00,-1.143971323601857160e+00,-6.556216174782414363e-01,-2.185405391594146263e-01,2.185405391594132940e-01,6.556216174782414363e-01,1.143971323601857826e+00,1.628571139983148175e+00,2.108716082789875657e+00,2.883360861686274035e+00,3.514294621321319312e+00,3.972951401642571767e+00,4.754057727375304410e+00,5.587112779587062761e+00,6.466682940922432010e+00,7.756396524032766138e+00,9.183991961164229778e+00,1.075858134045257231e+01,1.267176125511158702e+01,1.491028427357468189e+01,1.756397008883993749e+01,2.084923122074311408e+01,2.463529236136405842e+01,2.907382967271416874e+01,3.351236698406427195e+01,3.795090429541437516e+01,4.238944160676453521e+01,4.682797891811469526e+01,5.126651622946474163e+01
-5.274976604467508423e+01,-4.819390003896353392e+01,-4.363803403325198360e+01,-3.908216802754057539e+01,-3.452630202182906771e+01,-2.997043601611756003e+01,-2.541457001040609498e+01,-2.152461373920706933e+01,-1.814499870436902995e+01,-1.540217770152018772e+01,-1.309850945660182475e+01,-1.113710928479645190e+01,-9.510268510811837217e+00,-8.022248900760823531e+00,-6.668338369451732639e+00,-5.765882712739490046e+00,-4.899582803156130595e+00,-4.078820573351535472e+00,-3.629685658192183695e+00,-2.974199694802122096e+00,-2.146160583238021946e+00,-1.654249624552901032e+00,-1.157115963769527189e+00,-6.556216174782409922e-01,-2.185405391594148483e-01,2.185405391594132940e-01,6.556216174782409922e-01,1.157115963769526523e+00,1.654249624552896591e+00,2.146160583238019726e+00,2.974199694802122096e+00,3.629685658192186359e+00,4.078820573351531920e+00,4.899582803156128819e+00,5.765882712739493599e+00,6.668338369451724645e+00,8.022248900760828860e+00,9.510268510811833664e+00,1.113710928479643059e+01,1.309850945660182475e+01,1.540217770152020549e+01,1.814499870436904416e+01,2.152461373920705512e+01,2.541457001040609498e+01,2.997043601611758845e+01,3.452630202182905350e+01,3.908216802754060382e+01,4.363803403325198360e+01,4.819390003896353392e+01,5.274976604467508423e+01
-5.423301585988497209e+01,-4.955982115981231573e+01,-4.488662645973948884e+01,-4.021343175966660510e+01,-3.554023705959374979e+01,-3.086704235952093711e+01,-2.619384765944811022e+01,-2.219999625767098905e+01,-1.872602731989808689e+01,-1.589407112946570066e+01,-1.352525765809204827e+01,-1.151563722914031018e+01,-9.836545060459449985e+00,-8.288101277488880925e+00,-6.869993797981043038e+00,-5.944652645891924436e+00,-5.045107878936953227e+00,-4.184689745060495625e+00,-3.745076695063051631e+00,-3.065038527917970157e+00,-2.183605083686173565e+00,-1.679928109122648117e+00,-1.170260603937194777e+00,-6.556216174782409922e-01,-2.185405391594148483e-01,2.185405391594130720e-01,6.556216174782409922e-01,1.170260603937192556e+00,1.679928109122644564e+00,2.183605083686169124e+00,3.065038527917968381e+00,3.745076695063053407e+00,4.184689745060495625e+00,5.045107878936949675e+00,5.944652645891924436e+00,6.869993797981038597e+00,8.288101277488884477e+00,9.836545060459435774e+00,1.151563722914030308e+01,1.352525765809206604e+01,1.589407112946571488e+01,1.872602731989809399e+01,2.219999625767097484e+01,2.619384765944809601e+01,3.086704235952092290e+01,3.554023705959377821e+01,4.021343175966660510e+01,4.488662645973931831e+01,4.955982115981214520e+01,5.423301585988497209e+01
-5.571626567509508732e+01,-5.092574228066087016e+01,-4.613521888622682354e+01,-4.134469549179269166e+01,-3.655417209735848871e+01,-3.176364870292432485e+01,-2.697312530849016809e+01,-2.287537877613494430e+01,-1.930705593542713672e+01,-1.638596455741122782e+01,-1.395200585958228601e+01,-1.189416517348417912e+01,-1.016282161010705920e+01,-8.553953654216940095e+00,-7.071649226510341002e+00,-6.123422579044351721e+00,-5.190632954717775860e+00,-4.290558916769467324e+00,-3.860467731933921343e+00,-3.155877361033815554e+00,-2.221049584134316746e+00,-1.705606593692397865e+00,-1.183405244104862586e+00,-6.556216174782409922e-01,-2.185405391594148483e-01,2.185405391594132940e-01,6.556216174782409922e-01,1.183405244104859477e+00,1.705606593692396089e+00,2.221049584134323851e+00,3.155877361033818218e+00,3.860467731933917790e+00,4.290558916769455777e+00,5.190632954717777636e+00,6.123422579044365932e+00,7.071649226510352548e+00,8.553953654216940095e+00,1.016282161010705209e+01,1.189416517348415425e+01,1.395200585958228601e+01,1.638596455741127755e+01,1.930705593542717224e+01,2.287537877613490878e+01,2.697312530849016809e+01,3.176364870292434262e+01,3.655417209735855977e+01,4.134469549179277692e+01,4.613521888622688039e+01,5.092574228066121123e+01,5.571626567509520100e+01
-5.719951549030565729e+01,-5.229166340151004988e+01,-4.738381131271444247e+01,-4.247595922391894874e+01,-3.756810713512328448e+01,-3.266025504632773391e+01,-2.775240295753221176e+01,-2.355076129459885692e+01,-1.988808455095622207e+01,-1.687785798535675497e+01,-1.437875406107250598e+01,-1.227269311782804451e+01,-1.048909815975465420e+01,-8.819806030944988606e+00,-7.273304655039652289e+00,-6.302192512196796770e+00,-5.336158030498605598e+00,-4.396428088478416818e+00,-3.975858768804780397e+00,-3.246716194149660062e+00,-2.258494084582470141e+00,-1.731285078262146726e+00,-1.196549884272530395e+00,-6.556216174782418804e-01,-2.185405391594148483e-01,2.185405391594135160e-01,6.556216174782418804e-01,1.196549884272526398e+00,1.731285078262144062e+00,2.258494084582466144e+00,3.246716194149662726e+00,3.975858768804780397e+00,4.396428088478423035e+00,5.336158030498591387e+00,6.302192512196793217e+00,7.273304655039659394e+00,8.819806030944988606e+00,1.048909815975465420e+01,1.227269311782802674e+01,1.437875406107251308e+01,1.687785798535679049e+01,1.988808455095622207e+01,2.355076129459882850e+01,2.775240295753222597e+01,3.266025504632770549e+01,3.756810713512322764e+01,4.247595922391883505e+01,4.738381131271444247e+01,5.229166340150982251e+01,5.719951549030542992e+01
-5.868276530551554515e+01,-5.365758452235877485e+01,-4.863240373920194770e+01,-4.360722295604495002e+01,-3.858204217288803761e+01,-3.355686138973114652e+01,-2.853168060657424121e+01,-2.422614381306279085e+01,-2.046911316648528611e+01,-1.736975141330229633e+01,-1.480550226256274726e+01,-1.265122106217189923e+01,-1.081537470940226342e+01,-9.085658407673051329e+00,-7.474960083568957359e+00,-6.480962445349227607e+00,-5.481683106279426454e+00,-4.502297260187388517e+00,-4.091249805675651885e+00,-3.337555027265510788e+00,-2.295938585030623535e+00,-1.756963562831897363e+00,-1.209694524440198649e+00,-6.556216174782418804e-01,-2.185405391594152924e-01,2.185405391594135160e-01,6.556216174782418804e-01,1.209694524440198649e+00,1.756963562831893810e+00,2.295938585030619095e+00,3.337555027265512564e+00,4.091249805675650109e+00,4.502297260187383188e+00,5.481683106279419349e+00,6.480962445349224055e+00,7.474960083568966240e+00,9.085658407673051329e+00,1.081537470940225631e+01,1.265122106217187081e+01,1.480550226256275437e+01,1.736975141330229633e+01,2.046911316648527190e+01,2.422614381306274822e+01,2.853168060657421279e+01,3.355686138973112520e+01,3.858204217288806603e+01,4.360722295604500687e+01,4.863240373920177717e+01,5.365758452235877485e+01,5.868276530551543146e+01
-6.016601512072566038e+01,-5.502350564320738613e+01,-4.988099616568922556e+01,-4.473848668817095131e+01,-3.959597721065270548e+01,-3.445346773313447386e+01,-2.931095825561629908e+01,-2.490152633152672479e+01,-2.105014178201434305e+01,-1.786164484124778085e+01,-1.523225046405298144e+01,-1.302974900651577883e+01,-1.114165125904986553e+01,-9.351510784401103393e+00,-7.676615512098274863e+00,-6.659732378501651340e+00,-5.627208182060240205e+00,-4.608166431896345117e+00,-4.206640842546516268e+00,-3.428393860381353520e+00,-2.333383085478770269e+00,-1.782642047401646224e+00,-1.222839164607866014e+00,-6.556216174782409922e-01,-2.185405391594148483e-01,2.185405391594130720e-01,6.556216174782409922e-01,1.222839164607867346e+00,1.782642047401644447e+00,2.333383085478764940e+00,3.428393860381355296e+00,4.206640842546512715e+00,4.608166431896343340e+00,5.627208182060236652e+00,6.659732378501647787e+00,7.676615512098265981e+00,9.351510784401114051e+00,1.114165125904987974e+01,1.302974900651574330e+01,1.523225046405298144e+01,1.786164484124782348e+01,2.105014178201435016e+01,2.490152633152672479e+01,2.931095825561625645e+01,3.445346773313445965e+01,3.959597721065267706e+01,4.473848668817095131e+01,4.988099616568922556e+01,5.502350564320727244e+01,6.016601512072566038e+01
-6.164926493593600298e+01,-5.638942676405633847e+01,-5.112958859217678764e+01,-4.586975042029717997e+01,-4.060991224841743019e+01,-3.535007407653785094e+01,-3.009023590465824327e+01,-2.557690884999070136e+01,-2.163117039754342841e+01,-1.835353826919333642e+01,-1.565899866554320141e+01,-1.340827695085963001e+01,-1.146792780869748185e+01,-9.617363161129162563e+00,-7.878270940627549734e+00,-6.838502311654082177e+00,-5.772733257841068166e+00,-4.714035603605308822e+00,-4.322031879417380651e+00,-3.519232693497205133e+00,-2.370827585926916559e+00,-1.808320531971393308e+00,-1.235983804775535599e+00,-6.556216174782409922e-01,-2.185405391594148483e-01,2.185405391594130720e-01,6.556216174782409922e-01,1.235983804775532491e+00,1.808320531971391532e+00,2.370827585926917891e+00,3.519232693497208686e+00,4.322031879417377098e+00,4.714035603605303493e+00,5.772733257841061061e+00,6.838502311654082177e+00,7.878270940627572827e+00,9.617363161129176774e+00,1.146792780869747475e+01,1.340827695085961579e+01,1.565899866554322273e+01,1.835353826919335063e+01,2.163117039754345683e+01,2.557690884999064451e+01,3.009023590465832854e+01,3.535007407653790779e+01,4.060991224841757230e+01,4.586975042029735050e+01,5.112958859217701502e+01,5.638942676405645216e+01,6.164926493593611667e+01
-6.313251475114634559e+01,-5.775534788490517712e+01,-5.237818101866412235e+01,-4.700101415242318126e+01,-4.162384728618229701e+01,-3.624668041994129197e+01,-3.086951355370035799e+01,-2.625229136845460687e+01,-2.221219901307252087e+01,-1.884543169713884936e+01,-1.608574686703343559e+01,-1.378680489520349894e+01,-1.179420435834506975e+01,-9.883215537857218180e+00,-8.079926369156869015e+00,-7.017272244806505910e+00,-5.918258333621896128e+00,-4.819904775314273415e+00,-4.437422916288248587e+00,-3.610071526613049642e+00,-2.408272086375069954e+00,-1.833999016541143945e+00,-1.249128444943201188e+00,-6.556216174782409922e-01,-2.185405391594148483e-01,2.185405391594135160e-01,6.556216174782409922e-01,1.249128444943199412e+00,1.833999016541140392e+00,2.408272086375063736e+00,3.610071526613054971e+00,4.437422916288252139e+00,4.819904775314270751e+00,5.918258333621871259e+00,7.017272244806527226e+00,8.079926369156893884e+00,9.883215537857211075e+00,1.179420435834506975e+01,1.378680489520345986e+01,1.608574686703344980e+01,1.884543169713890620e+01,2.221219901307250666e+01,2.625229136845459266e+01,3.086951355370035799e+01,3.624668041994129908e+01,4.162384728618224017e+01,4.700101415242318126e+01,5.237818101866423603e+01,5.775534788490517712e+01,6.313251475114611821e+01
-6.461576456635657451e+01,-5.912126900575401578e+01,-5.362677344515168443e+01,-4.813227788454929623e+01,-4.263778232394705014e+01,-3.714328676334466905e+01,-3.164879120274238744e+01,-2.692767388691849817e+01,-2.279322762860154583e+01,-1.933732512508439072e+01,-1.651249506852365556e+01,-1.416533283954737854e+01,-1.212048090799270028e+01,-1.014906791458525959e+01,-8.281581797686172308e+00,-7.196042177958929642e+00,-6.063783409402706326e+00,-4.925773947023230015e+00,-4.552813953159116522e+00,-3.700910359728895926e+00,-2.445716586823216243e+00,-1.859677501110889253e+00,-1.262273085110867665e+00,-6.556216174782409922e-01,-2.185405391594148483e-01,2.185405391594135160e-01,6.556216174782409922e-01,1.262273085110869886e+00,1.859677501110885700e+00,2.445716586823209582e+00,3.700910359728897703e+00,4.552813953159116522e+00,4.925773947023216692e+00,6.063783409402695668e+00,7.196042177958947406e+00,8.281581797686172308e+00,1.014906791458528801e+01,1.212048090799270028e+01,1.416533283954731814e+01,1.651249506852369109e+01,1.933732512508441914e+01,2.279322762860155649e+01,2.692767388691854080e+01,3.164879120274237323e+01,3.714328676334463353e+01,4.263778232394702172e+01,4.813227788454946676e+01,5.362677344515191180e+01,5.912126900575390209e+01,6.461576456635657451e+01
-6.609901438156657605e+01,-6.048719012660262706e+01,-5.487536587163913282e+01,-4.926354161667535436e+01,-4.365171736171168959e+01,-3.803989310674805324e+01,-3.242806885178441689e+01,-2.760305640538247474e+01,-2.337425624413066672e+01,-1.982921855302990366e+01,-1.693924327001387553e+01,-1.454386078389123327e+01,-1.244675745764028818e+01,-1.041492029131332941e+01,-8.483237226215479154e+00,-7.374812111111374691e+00,-6.209308485183541393e+00,-5.031643118732201714e+00,-4.668204990029977353e+00,-3.791749192844738658e+00,-2.483161087271362977e+00,-1.885355985680641666e+00,-1.275417725278535030e+00,-6.556216174782409922e-01,-2.185405391594148483e-01,2.185405391594135160e-01,6.556216174782409922e-01,1.275417725278535030e+00,1.885355985680638113e+00,2.483161087271355427e+00,3.791749192844743988e+00,4.668204990029980905e+00,5.031643118732176845e+00,6.209308485183527182e+00,7.374812111111396007e+00,8.483237226215479154e+00,1.041492029131333652e+01,1.244675745764028107e+01,1.454386078389114800e+01,1.693924327001388974e+01,1.982921855302991787e+01,2.337425624413066316e+01,2.760305640538248895e+01,3.242806885178444531e+01,3.803989310674808166e+01,4.365171736171168959e+01,4.926354161667541121e+01,5.487536587163936019e+01,6.048719012660285443e+01,6.609901438156657605e+01
-6.758226419677657759e+01,-6.185311124745146572e+01,-5.612395829812646753e+01,-5.039480534880152618e+01,-4.466565239947641430e+01,-3.893649945015137348e+01,-3.320734650082641792e+01,-2.827843892384638025e+01,-2.395528485965966681e+01,-2.032111198097535976e+01,-1.736599147150413103e+01,-1.492238872823511286e+01,-1.277303400728791871e+01,-1.068077266804138503e+01,-8.684892654744768237e+00,-7.553582044263805528e+00,-6.354833560964358696e+00,-5.137512290441158314e+00,-4.783596026900845288e+00,-3.882588025960599154e+00,-2.520605587719516372e+00,-1.911034470250390527e+00,-1.288562365446205504e+00,-6.556216174782409922e-01,-2.185405391594148483e-01,2.185405391594130720e-01,6.556216174782409922e-01,1.288562365446207281e+00,1.911034470250388750e+00,2.520605587719508378e+00,3.882588025960586720e+00,4.783596026900845288e+00,5.137512290441151208e+00,6.354833560964344485e+00,7.553582044263805528e+00,8.684892654744800211e+00,1.068077266804141345e+01,1.277303400728788318e+01,1.492238872823506313e+01,1.736599147150413103e+01,2.032111198097545923e+01,2.395528485965968457e+01,2.827843892384638025e+01,3.320734650082647477e+01,3.893649945015141611e+01,4.466565239947647115e+01,5.039480534880158302e+01,5.612395829812658121e+01,6.185311124745157940e+01,6.758226419677703234e+01
-6.906551401198657913e+01,-6.321903236830007700e+01,-5.737255072461402960e+01,-5.152606908092775484e+01,-4.567958743724128112e+01,-3.983310579355487846e+01,-3.398662414986847580e+01,-2.895382144231032839e+01,-2.453631347518867400e+01,-2.081300540892092954e+01,-1.779273967299434389e+01,-1.530091667257893917e+01,-1.309931055693549240e+01,-1.094662504476944775e+01,-8.886548083274087517e+00,-7.732351977416243471e+00,-6.500358636745172447e+00,-5.243381462150122019e+00,-4.898987063771720329e+00,-3.973426859076441886e+00,-2.558050088167663105e+00,-1.936712954820137611e+00,-1.301707005613871537e+00,-6.556216174782427686e-01,-2.185405391594148483e-01,2.185405391594130720e-01,6.556216174782427686e-01,1.301707005613874202e+00,1.936712954820132282e+00,2.558050088167661329e+00,3.973426859076440110e+00,4.898987063771716777e+00,5.243381462150111361e+00,6.500358636745168894e+00,7.732351977416236366e+00,8.886548083274121268e+00,1.094662504476944775e+01,1.309931055693549951e+01,1.530091667257889299e+01,1.779273967299440073e+01,2.081300540892098638e+01,2.453631347518876282e+01,2.895382144231027155e+01,3.398662414986847580e+01,3.983310579355486425e+01,4.567958743724136639e+01,5.152606908092775484e+01,5.737255072461402960e+01,6.321903236830053174e+01,6.906551401198657913e+01
-7.054876382719680805e+01,-6.458495348914880196e+01,-5.862114315110125062e+01,-5.265733281305358560e+01,-4.669352247500580688e+01,-4.072971213695814185e+01,-3.476590179891047683e+01,-2.962920396077424812e+01,-2.511734209071778778e+01,-2.130489883686647090e+01,-1.821948787448459939e+01,-1.567944461692279035e+01,-1.342558710658312293e+01,-1.121247742149751048e+01,-9.088203511803405021e+00,-7.911121910568674309e+00,-6.645883712526007514e+00,-5.349250633859085724e+00,-5.014378100642574054e+00,-4.064265692192279289e+00,-2.595494588615809395e+00,-1.962391439389890024e+00,-1.314851645781538458e+00,-6.556216174782409922e-01,-2.185405391594148483e-01,2.185405391594130720e-01,6.556216174782409922e-01,1.314851645781537570e+00,1.962391439389882919e+00,2.595494588615807174e+00,4.064265692192286394e+00,5.014378100642577607e+00,5.349250633859071513e+00,6.645883712526000409e+00,7.911121910568681415e+00,9.088203511803428114e+00,1.121247742149751048e+01,1.342558710658310872e+01,1.567944461692275127e+01,1.821948787448457097e+01,2.130489883686651353e+01,2.511734209071778423e+01,2.962920396077421969e+01,3.476590179891053367e+01,4.072971213695836923e+01,4.669352247500603426e+01,5.265733281305369928e+01,5.862114315110147800e+01,6.458495348914948408e+01,7.054876382719703543e+01
